hex,color_name
#4C4F56,abbey
#1B1404,acadia
#7CB0A1,acapulco
#C9FFE5,aero blue
#714693,affair
#D4C4A8,akaroa
#FAFAFA,alabaster
#F5E9D3,albescent white
#93DFB8,algae green
#F0F8FF,alice blue
#E32636,alizarin crimson
#0076A3,allports
#EED9C4,almond
#907B71,almond frost
#AF8F2C,alpine
#DBDBDB,alto
#A9ACB6,aluminium
#E52B50,amaranth
#3B7A57,amazon
#FFBF00,amber
#87756E,americano
#9966CC,amethyst
#A397B4,amethyst smoke
#F9EAF3,amour
#7B9F80,amulet
#9DE5FF,anakiwa
#C88A65,antique brass
#704A07,antique bronze
#E0B646,anzac
#DFBE6F,apache
#4FA83D,apple
#AF4D43,apple blossom
#E2F3EC,apple green
#EB9373,apricot
#FBCEB1,apricot peach
#FFFEEC,apricot white
#014B43,aqua deep
#5FA777,aqua forest
#EDF5F5,aqua haze
#A1DAD7,aqua island
#EAF9F5,aqua spring
#E8F5F2,aqua squeeze
#7FFFD4,aquamarine
#71D9E2,aquamarine blue
#110C6C,arapawa
#433E37,armadillo
#948771,arrowtown
#C6C3B5,ash
#7BA05B,asparagus
#130A06,asphalt
#FAEAB9,astra
#327DA0,astral
#283A77,astronaut
#013E62,astronaut blue
#EEF0F3,athens gray
#ECEBCE,aths special
#97CD2D,atlantis
#0A6F75,atoll
#FF9966,atomic tangerine
#97605D,au chico
#3B0910,aubergine
#F5FFBE,australian mint
#888D65,avocado
#4E6649,axolotl
#F7C8DA,azalea
#0D1C19,aztec
#315BA1,azure
#007FFF,azure radiance
#E0FFFF,baby blue
#026395,bahama blue
#A5CB0C,bahia
#FFF8D1,baja white
#859FAF,bali hai
#2A2630,baltic sea
#DA6304,bamboo
#FBE7B2,banana mania
#858470,bandicoot
#DED717,barberry
#A68B5B,barley corn
#FFF4CE,barley white
#44012D,barossa
#292130,bastille
#828F72,battleship gray
#7DA98D,bay leaf
#273A81,bay of many
#98777B,bazaar
#3D0C02,bean  
#EEC1BE,beauty bush
#926F5B,beaver
#FEF2C7,beeswax
#F5F5DC,beige
#7DD8C6,bermuda
#6B8BA2,bermuda gray
#DEE5C0,beryl green
#FCFBF3,bianca
#162A40,big stone
#327C14,bilbao
#B2A1EA,biloba flower
#373021,birch
#D4CD16,bird flower
#1B3162,biscay
#497183,bismark
#C1B7A4,bison hide
#3D2B1F,bistre
#868974,bitter
#CAE00D,bitter lemon
#FE6F5E,bittersweet
#EEDEDA,bizarre
#000000,black
#081910,black bean
#0B1304,black forest
#F6F7F7,black haze
#3E2C1C,black marlin
#242E16,black olive
#041322,black pearl
#0D0332,black rock
#67032D,black rose
#0A001C,black russian
#F2FAFA,black squeeze
#FFFEF6,black white
#4D0135,blackberry
#32293A,blackcurrant
#FF6600,blaze orange
#FEF3D8,bleach white
#2C2133,bleached cedar
#A3E3ED,blizzard blue
#DCB4BC,blossom
#0000FF,blue
#496679,blue bayoux
#9999CC,blue bell
#F1E9FF,blue chalk
#010D1A,blue charcoal
#0C8990,blue chill
#380474,blue diamond
#204852,blue dianne
#2C0E8C,blue gem
#BFBED8,blue haze
#017987,blue lagoon
#7666C6,blue marguerite
#0066FF,blue ribbon
#D2F6DE,blue romance
#748881,blue smoke
#016162,blue stone
#6456B7,blue violet
#042E4C,blue whale
#13264D,blue zodiac
#18587A,blumine
#B44668,blush
#FF6FFF,blush pink
#AFB1B8,bombay
#E5E0E1,bon jour
#0095B6,bondi blue
#E4D1C0,bone
#5C0120,bordeaux
#4E2A5A,bossanova
#3B91B4,boston blue
#C7DDE5,botticelli
#093624,bottle green
#7A7A7A,boulder
#AE809E,bouquet
#BA6F1E,bourbon
#4A2A04,bracken
#DEC196,brandy
#CD8429,brandy punch
#BB8983,brandy rose
#5DA19F,breaker bay
#C62D42,brick red
#FFFAF4,bridal heath
#FEF0EC,bridesmaid
#3C4151,bright gray
#66FF00,bright green
#B10000,bright red
#FED33C,bright sun
#08E8DE,bright turquoise
#F653A6,brilliant rose
#FB607F,brink pink
#ABA196,bronco
#3F2109,bronze
#4E420C,bronze olive
#4D400F,bronzetone
#FFEC13,broom
#964B00,brown
#592804,brown bramble
#492615,brown derby
#401801,brown pod
#AF593E,brown rust
#37290E,brown tumbleweed
#E7FEFF,bubbles
#622F30,buccaneer
#A8AE9C,bud
#C1A004,buddha gold
#F0DC82,buff
#480607,bulgarian rose
#864D1E,bull shot
#0D1117,bunker
#151F4C,bunting
#900020,burgundy
#002E20,burnham
#FF7034,burning orange
#D99376,burning sand
#420303,burnt maroon
#CC5500,burnt orange
#E97451,burnt sienna
#8A3324,burnt umber
#0D2E1C,bush
#F3AD16,buttercup
#A1750D,buttered rum
#624E9A,butterfly bush
#FFF1B5,buttermilk
#FFFCEA,buttery white
#4D0A18,cab sav
#D94972,cabaret
#3F4C3A,cabbage pont
#587156,cactus
#A9B2C3,cadet blue
#B04C6A,cadillac
#6F440C,cafe royale
#E0C095,calico
#FE9D04,california
#31728D,calypso
#00581A,camarone
#893456,camelot
#D9B99B,cameo
#3C3910,camouflage
#78866B,camouflage green
#D591A4,can can
#F3FB62,canary
#FCD917,candlelight
#FBEC5D,candy corn
#251706,cannon black
#894367,cannon pink
#3C4443,cape cod
#FEE5AC,cape honey
#A26645,cape palliser
#DCEDB4,caper
#FFDDAF,caramel
#EEEEE8,cararra
#01361C,cardin green
#C41E3A,cardinal
#8C055E,cardinal pink
#D29EAA,careys pink
#00CC99,caribbean green
#EA88A8,carissma
#F3FFD8,carla
#960018,carmine
#5C2E01,carnaby tan
#F95A61,carnation
#FFA6C9,carnation pink
#F9E0ED,carousel pink
#ED9121,carrot orange
#F8B853,casablanca
#2F6168,casal
#8BA9A5,cascade
#E6BEA5,cashmere
#ADBED1,casper
#52001F,castro
#062A78,catalina blue
#EEF6F7,catskill white
#E3BEBE,cavern pink
#3E1C14,cedar
#711A00,cedar wood finish
#ACE1AF,celadon
#B8C25D,celery
#D1D2CA,celeste
#1E385B,cello
#163222,celtic
#8D7662,cement
#FCFFF9,ceramic
#DA3287,cerise
#DE3163,cerise red
#02A4D3,cerulean
#2A52BE,cerulean blue
#FFF4F3,chablis
#516E3D,chalet green
#EED794,chalky
#354E8C,chambray
#EDDCB1,chamois
#FAECCC,champagne
#F8C3DF,chantilly
#292937,charade
#FFF3F1,chardon
#FFCD8C,chardonnay
#BAEEF9,charlotte
#D47494,charm
#7FFF00,chartreuse
#DFFF00,chartreuse yellow
#40A860,chateau green
#BDB3C7,chatelle
#175579,chathams blue
#83AA5D,chelsea cucumber
#9E5302,chelsea gem
#DFCD6F,chenin
#FCDA98,cherokee
#2A0359,cherry pie
#651A14,cherrywood
#F8D9E9,cherub
#B94E48,chestnut
#CD5C5C,chestnut rose
#8581D9,chetwode blue
#5D5C58,chicago
#F1FFC8,chiffon
#F77703,chilean fire
#FFFDE6,chilean heath
#FCFFE7,china ivory
#CEC7A7,chino
#A8E3BD,chinook
#370202,chocolate
#33036B,christalle
#67A712,christi
#E7730A,christine
#E8F1D4,chrome white
#0E0E18,cinder
#FDE1DC,cinderella
#E34234,cinnabar
#7B3F00,cinnamon
#55280C,cioccolato
#FAF7D6,citrine white
#9EA91F,citron
#A1C50A,citrus
#480656,clairvoyant
#D4B6AF,clam shell
#7F1734,claret
#FBCCE7,classic rose
#BDC8B3,clay ash
#8A8360,clay creek
#E9FFFD,clear day
#E96E00,clementine
#371D09,clinker
#C7C4BF,cloud
#202E54,cloud burst
#ACA59F,cloudy
#384910,clover
#0047AB,cobalt
#481C1C,cocoa bean
#301F1E,cocoa brown
#F8F7DC,coconut cream
#0B0B0B,cod gray
#706555,coffee
#2A140E,coffee bean
#9F381D,cognac
#3F2500,cola
#ABA0D9,cold purple
#CEBABA,cold turkey
#FFEDBC,colonial white
#5C5D75,comet
#517C66,como
#C9D9D2,conch
#7C7B7A,concord
#F2F2F2,concrete
#E9D75A,confetti
#593737,congo brown
#02478E,congress blue
#ACDD4D,conifer
#C6726B,contessa
#B87333,copper
#7E3A15,copper canyon
#996666,copper rose
#944747,copper rust
#DA8A67,copperfield
#FF7F50,coral
#FF4040,coral red
#C7BCA2,coral reef
#A86B6B,coral tree
#606E68,corduroy
#C4D0B0,coriander
#40291D,cork
#E7BF05,corn
#F8FACD,corn field
#8B6B0B,corn harvest
#93CCEA,cornflower
#6495ED,cornflower blue
#FFB0AC,cornflower lilac
#FAD3A2,corvette
#76395D,cosmic
#FFD8D9,cosmos
#615D30,costa del sol
#FFB7D5,cotton candy
#C2BDB6,cotton seed
#01371A,county green
#4D282D,cowboy
#B95140,crail
#DB5079,cranberry
#462425,crater brown
#FFFDD0,cream
#FFE5A0,cream brulee
#F5C85C,cream can
#1E0F04,creole
#737829,crete
#DC143C,crimson
#736D58,crocodile
#771F1F,crown of thorns
#1C1208,crowshead
#B5ECDF,cruise
#004816,crusoe
#FD7B33,crusta
#924321,cumin
#FDFFD5,cumulus
#FBBEDA,cupid
#2596D1,curious blue
#507672,cutty sark
#00FFFF,cyan / aqua
#003E40,cyprus
#012731,daintree
#F9E4BC,dairy cream
#4F2398,daisy bush
#6E4B26,dallas
#FED85D,dandelion
#6093D1,danube
#0000C8,dark blue
#770F05,dark burgundy
#3C2005,dark ebony
#0A480D,dark fern
#661010,dark tan
#A6A29A,dawn
#F3E9E5,dawn pink
#7AC488,de york
#D2DA97,deco
#220878,deep blue
#E47698,deep blush
#4A3004,deep bronze
#007BA7,deep cerulean
#051040,deep cove
#002900,deep fir
#182D09,deep forest green
#1B127B,deep koamaru
#412010,deep oak
#082567,deep sapphire
#01826B,deep sea
#095859,deep sea green
#003532,deep teal
#B09A95,del rio
#396413,dell
#A4A49D,delta
#7563A8,deluge
#1560BD,denim
#FFEED8,derby
#AE6020,desert
#EDC9AF,desert sand
#F8F8F7,desert storm
#EAFFFE,dew
#DB995E,di serria
#130000,diesel
#5D7747,dingley
#871550,disco
#E29418,dixie
#1E90FF,dodger blue
#F9FF8B,dolly
#646077,dolphin
#8E775E,domino
#5D4C51,don juan
#A69279,donkey brown
#6B5755,dorado
#EEE3AD,double colonial white
#FCF4D0,double pearl lusta
#E6D7B9,double spanish white
#6D6C6C,dove gray
#092256,downriver
#6FD0C5,downy
#AF8751,driftwood
#FDF7AD,drover
#A899E6,dull lavender
#383533,dune
#E5CCC9,dust storm
#A8989B,dusty gray
#B6BAA4,eagle
#C9B93B,earls green
#FFF9E6,early dawn
#414C7D,east bay
#AC91CE,east side
#1E9AB0,eastern blue
#E9E3E3,ebb
#0C0B1D,ebony
#26283B,ebony clay
#311C17,eclipse
#F5F3E5,ecru white
#FA7814,ecstasy
#105852,eden
#C8E3D7,edgewater
#A2AEAB,edward
#FFF4DD,egg sour
#FFEFC1,egg white
#614051,eggplant
#1E1708,el paso
#8F3E33,el salva
#CCFF00,electric lime
#8B00FF,electric violet
#123447,elephant
#088370,elf green
#1C7C7D,elm
#50C878,emerald
#6C3082,eminence
#514649,emperor
#817377,empress
#0056A7,endeavour
#F8DD5C,energy yellow
#022D15,english holly
#3E2B23,english walnut
#8BA690,envy
#E1BC64,equator
#612718,espresso
#211A0E,eternity
#278A5B,eucalyptus
#CFA39D,eunry
#024E46,evening sea
#1C402E,everglade
#427977,faded jade
#FFEFEC,fair pink
#7F626D,falcon
#ECEBBD,fall green
#801818,falu red
#FAF3F0,fantasy
#796A78,fedora
#9FDD8C,feijoa
#63B76C,fern
#657220,fern frond
#4F7942,fern green
#704F50,ferra
#FBE96C,festival
#F0FCEA,feta
#B35213,fiery orange
#626649,finch
#556D56,finlandia
#692D54,finn
#405169,fiord
#AA4203,fire
#E89928,fire bush
#0E2A30,firefly
#DA5B38,flame pea
#FF7D07,flamenco
#F2552A,flamingo
#EEDC82,flax
#7B8265,flax smoke
#FFCBA4,flesh
#6F6A61,flint
#A2006D,flirt
#CA3435,flush mahogany
#FF7F00,flush orange
#D8FCFA,foam
#D7D0FF,fog
#CBCAB6,foggy gray
#228B22,forest green
#FFF1EE,forget me not
#56B4BE,fountain blue
#FFDEB3,frangipani
#BDBDC6,french gray
#ECC7EE,french lilac
#BDEDFD,french pass
#F64A8A,french rose
#990066,fresh eggplant
#807E79,friar gray
#B1E2C1,fringy flower
#F57584,froly
#EDF5DD,frost
#DBFFF8,frosted mint
#E4F6E7,frostee
#4F9D5D,fruit salad
#7A58C1,fuchsia blue
#C154C1,fuchsia pink
#BEDE0D,fuego
#ECA927,fuel yellow
#1959A8,fun blue
#016D39,fun green
#54534D,fuscous gray
#C45655,fuzzy wuzzy brown
#163531,gable green
#EFEFEF,gallery
#DCB20C,galliano
#E49B0F,gamboge
#D18F1B,geebung
#15736B,genoa
#FB8989,geraldine
#D4DFE2,geyser
#C7C9D5,ghost
#523C94,gigas
#B8B56A,gimblet
#E8F2EB,gin
#FFF9E2,gin fizz
#F8E4BF,givry
#80B3C4,glacier
#61845F,glade green
#726D4E,go ben
#3D7D52,goblin
#FFD700,gold
#F18200,gold drop
#E6BE8A,gold sand
#DEBA13,gold tips
#E28913,golden bell
#F0D52D,golden dream
#F5FB3D,golden fizz
#FDE295,golden glow
#DAA520,golden grass
#F0DB7D,golden sand
#FFCC5C,golden tainoi
#FCD667,goldenrod
#261414,gondola
#0B1107,gordons green
#FFF14F,gorse
#069B81,gossamer
#D2F8B0,gossip
#6D92A1,gothic
#2F3CB3,governor bay
#E4D5B7,grain brown
#FFD38C,grandis
#8D8974,granite green
#D5F6E3,granny apple
#84A0A0,granny smith
#9DE093,granny smith apple
#381A51,grape
#251607,graphite
#4A444B,gravel
#808080,gray
#465945,gray asparagus
#A2AAB3,gray chateau
#C3C3BD,gray nickel
#E7ECE6,gray nurse
#A9A491,gray olive
#C1BECD,gray suit
#00FF00,green
#01A368,green haze
#24500F,green house
#25311C,green kelp
#436A0D,green leaf
#CBD3B0,green mist
#1D6142,green pea
#A4AF6E,green smoke
#B8C1B1,green spring
#032B52,green vogue
#101405,green waterloo
#E8EBE0,green white
#ADFF2F,green yellow
#D54600,grenadier
#BA0101,guardsman red
#051657,gulf blue
#80B3AE,gulf stream
#9DACB7,gull gray
#B6D3BF,gum leaf
#7CA1A6,gumbo
#414257,gun powder
#828685,gunsmoke
#9A9577,gurkha
#98811B,hacienda
#6B2A14,hairy heath
#1B1035,haiti
#FFFEE1,half and half
#85C4CC,half baked
#FDF6D3,half colonial white
#FEF7DE,half dutch white
#FEF4DB,half spanish white
#E5D8AF,hampton
#3FFF00,harlequin
#E6F2EA,harp
#E0B974,harvest gold
#5590D9,havelock blue
#9D5616,hawaiian tan
#D4E2FC,hawkes blue
#541012,heath
#B7C3D0,heather
#B6B095,heathered gray
#2B3228,heavy metal
#DF73FF,heliotrope
#5E5D3B,hemlock
#907874,hemp
#B6316C,hibiscus
#6F8E63,highland
#ACA586,hillary
#6A5D1B,himalaya
#E6FFE9,hint of green
#FBF9F9,hint of red
#FAFDE4,hint of yellow
#589AAF,hippie blue
#53824B,hippie green
#AE4560,hippie pink
#A1ADB5,hit gray
#FFAB81,hit pink
#C8A528,hokey pokey
#65869F,hoki
#011D13,holly
#F400A1,hollywood cerise
#4F1C70,honey flower
#EDFC84,honeysuckle
#D06DA1,hopbush
#5A87A0,horizon
#604913,horses neck
#D2691E,hot cinnamon
#FF69B4,hot pink
#B38007,hot toddy
#CFF9F3,humming bird
#161D10,hunter green
#877C7B,hurricane
#B7A458,husk
#B1F4E7,ice cold
#DAF4F0,iceberg
#F6A4C9,illusion
#B0E313,inch worm
#C3B091,indian khaki
#4D1E01,indian tan
#4F69C6,indigo
#C26B03,indochine
#002FA7,international klein blue
#FF4F00,international orange
#5F3D26,irish coffee
#433120,iroko
#D4D7D9,iron
#676662,ironside gray
#86483C,ironstone
#FFFCEE,island spice
#FFFFF0,ivory
#2E0329,jacaranda
#3A2A6A,jacarta
#2E1905,jacko bean
#20208D,jacksons purple
#00A86B,jade
#EF863F,jaffa
#C2E8E5,jagged ice
#350E57,jagger
#080110,jaguar
#5B3013,jambalaya
#F4EBD3,janna
#0A6906,japanese laurel
#780109,japanese maple
#D87C63,japonica
#1FC2C2,java
#A50B5E,jazzberry jam
#297B9A,jelly bean
#B5D2CE,jet stream
#126B40,jewel
#3B1F1F,jon
#EEFF9A,jonquil
#8AB9F1,jordy blue
#544333,judge gray
#7C7B82,jumbo
#29AB87,jungle green
#B4CFD3,jungle mist
#6D9292,juniper
#ECCDB9,just right
#5E483E,kabul
#004620,kaitoke green
#C6C8BD,kangaroo
#1E1609,karaka
#FFEAD4,karry
#507096,kashmir blue
#454936,kelp
#7C1C05,kenyan copper
#3AB09E,keppel
#BFC921,key lime pie
#F0E68C,khaki
#E1EAD4,kidnapper
#240C02,kilamanjaro
#3A6A47,killarney
#736C9F,kimberly
#3E0480,kingfisher daisy
#E79FC4,kobi
#6E6D57,kokoda
#8F4B0E,korma
#FFBD5F,koromiko
#FFE772,kournikova
#886221,kumera
#368716,la palma
#B3C110,la rioja
#C6E610,las palmas
#C8B568,laser
#FFFF66,laser lemon
#749378,laurel
#B57EDC,lavender
#FFF0F5,lavender blush
#BDBBD7,lavender gray
#EE82EE,lavender magenta
#FBAED2,lavender pink
#967BB6,lavender purple
#FBA0E3,lavender rose
#967059,leather
#FDE910,lemon
#FFFACD,lemon chiffon
#AC9E22,lemon ginger
#9B9E8F,lemon grass
#FDD5B1,light apricot
#E29CD2,light orchid
#C9A0DC,light wisteria
#FCC01E,lightning yellow
#C8A2C8,lilac
#9874D3,lilac bush
#C8AABF,lily
#E7F8FF,lily white
#76BD17,lima
#BFFF00,lime
#6F9D02,limeade
#747D63,limed ash
#AC8A56,limed oak
#394851,limed spruce
#FAF0E6,linen
#D9E4F5,link water
#AB0563,lipstick
#423921,lisbon brown
#4D282E,livid brown
#EEF4DE,loafer
#BDC9CE,loblolly
#2C8C84,lochinvar
#007EC7,lochmara
#A8AF8E,locust
#242A1D,log cabin
#AAA9CD,logan
#DFCFDB,lola
#BEA6C3,london hue
#6D0101,lonestar
#863C3C,lotus
#460B41,loulou
#AF9F1C,lucky
#1A1A68,lucky point
#3C493A,lunar green
#A7882C,luxor gold
#697E9A,lynch
#D9F7FF,mabel
#FFB97B,macaroni and cheese
#B7F0BE,madang
#09255D,madison
#3F3002,madras
#FF00FF,magenta / fuchsia
#AAF0D1,magic mint
#F8F4FF,magnolia
#4E0606,mahogany
#B06608,mai tai
#F5D5A0,maize
#897D6D,makara
#444954,mako
#0BDA51,malachite
#7DC8F7,malibu
#233418,mallard
#BDB2A1,malta
#8E8190,mamba
#8D90A1,manatee
#AD781B,mandalay
#E25465,mandy
#F2C3B2,mandys pink
#E77200,mango tango
#F5C999,manhattan
#74C365,mantis
#8B9C90,mantle
#EEEF78,manz
#350036,mardi gras
#B98D28,marigold
#FBE870,marigold yellow
#286ACD,mariner
#800000,maroon
#C32148,maroon flush
#520C17,maroon oak
#0B0F08,marshland
#AFA09E,martini
#363050,martinique
#F8DB9D,marzipan
#403B38,masala
#1B659D,matisse
#B05D54,matrix
#4E3B41,matterhorn
#E0B0FF,mauve
#F091A9,mauvelous
#D8C2D5,maverick
#AF4035,medium carmine
#9370DB,medium purple
#BB3385,medium red violet
#E4C2D5,melanie
#300529,melanzane
#FEBAAD,melon
#C7C1FF,melrose
#E5E5E5,mercury
#F6F0E6,merino
#413C37,merlin
#831923,merlot
#49371B,metallic bronze
#71291D,metallic copper
#D07D12,meteor
#3C1F76,meteorite
#A72525,mexican red
#5F5F6E,mid gray
#011635,midnight
#003366,midnight blue
#041004,midnight moss
#2D2510,mikado
#FAFFA4,milan
#B81104,milano red
#FFF6D4,milk punch
#594433,millbrook
#F8FDD3,mimosa
#E3F988,mindaro
#323232,mine shaft
#3F5D53,mineral green
#36747D,ming
#3F307F,minsk
#98FF98,mint green
#F1EEC1,mint julep
#C4F4EB,mint tulip
#161928,mirage
#D1D2DD,mischka
#C4C4BC,mist gray
#7F7589,mobster
#6E1D14,moccaccino
#782D19,mocha
#C04737,mojo
#FFA194,mona lisa
#8B0723,monarch
#4A3C30,mondo
#B5A27F,mongoose
#8A8389,monsoon
#83D0C6,monte carlo
#C7031E,monza
#7F76D3,moody blue
#FCFEDA,moon glow
#DCDDCC,moon mist
#D6CEF6,moon raker
#9EDEE0,morning glory
#441D00,morocco brown
#504351,mortar
#036A6E,mosque
#ADDFAD,moss green
#1AB385,mountain meadow
#959396,mountain mist
#997A8D,mountbatten pink
#B78E5C,muddy waters
#AA8B5B,muesli
#C54B8C,mulberry
#5C0536,mulberry wood
#8C472F,mule fawn
#4E4562,mulled wine
#FFDB58,mustard
#D69188,my pink
#FFB31F,my sin
#E2EBED,mystic
#4B5D52,nandor
#ACA494,napa
#EDF9F1,narvik
#8B8680,natural gray
#FFDEAD,navajo white
#000080,navy blue
#CBDBD6,nebula
#FFE2C5,negroni
#FF9933,neon carrot
#8EABC1,nepal
#7CB7BB,neptune
#140600,nero
#646E75,nevada
#F3D69D,new orleans
#D7837F,new york pink
#06A189,niagara
#1F120F,night rider
#AA375A,night shadz
#193751,nile blue
#B7B1B1,nobel
#BAB1A2,nomad
#A8BD9F,norway
#C59922,nugget
#81422C,nutmeg
#683600,nutmeg wood finish
#FEEFCE,oasis
#02866F,observatory
#41AA78,ocean green
#CC7722,ochre
#E6F8F3,off green
#FEF9E3,off yellow
#281E15,oil
#901E1E,old brick
#724A2F,old copper
#CFB53B,old gold
#FDF5E6,old lace
#796878,old lavender
#C08081,old rose
#808000,olive
#6B8E23,olive drab
#B5B35C,olive green
#8B8470,olive haze
#716E10,olivetone
#9AB973,olivine
#CDF4FF,onahau
#2F270E,onion
#A9C6C2,opal
#8E6F70,opium
#377475,oracle
#FF681F,orange
#FFA000,orange peel
#C45719,orange roughy
#FEFCED,orange white
#DA70D6,orchid
#FFFDF3,orchid white
#9B4703,oregon
#015E85,orient
#C69191,oriental pink
#F3FBD4,orinoco
#878D91,oslo gray
#E9F8ED,ottoman
#2D383A,outer space
#FF6037,outrageous orange
#384555,oxford blue
#779E86,oxley
#DAFAFF,oyster bay
#E9CECD,oyster pink
#A65529,paarl
#776F61,pablo
#009DC4,pacific blue
#778120,pacifika
#411F10,paco
#ADE6C4,padua
#FFFF99,pale canary
#C0D3B9,pale leaf
#988D77,pale oyster
#FDFEB8,pale prim
#FFE1F2,pale rose
#6E7783,pale sky
#C3BFC1,pale slate
#09230F,palm green
#19330E,palm leaf
#F4F2EE,pampas
#EAF6EE,panache
#EDCDAB,pancho
#FFEFD5,papaya whip
#8D0226,paprika
#317D82,paradiso
#F1E9D2,parchment
#FFF46E,paris daisy
#26056A,paris m
#CADCD4,paris white
#134F19,parsley
#77DD77,pastel green
#FFD1DC,pastel pink
#639A8F,patina
#DEF5FF,pattens blue
#260368,paua
#D7C498,pavlova
#FFE5B4,peach
#FFF0DB,peach cream
#FFCC99,peach orange
#FFDCD6,peach schnapps
#FADFAD,peach yellow
#782F16,peanut
#D1E231,pear
#E8E0D5,pearl bush
#FCF4DC,pearl lusta
#716B56,peat
#3EABBF,pelorous
#E3F5E1,peppermint
#A9BEF2,perano
#D0BEF8,perfume
#E1E6D6,periglacial blue
#CCCCFF,periwinkle
#C3CDE6,periwinkle gray
#1C39BB,persian blue
#00A693,persian green
#32127A,persian indigo
#F77FBE,persian pink
#701C1C,persian plum
#CC3333,persian red
#FE28A2,persian rose
#FF6B53,persimmon
#7F3A02,peru tan
#7C7631,pesto
#DB9690,petite orchid
#96A8A1,pewter
#A3807B,pharlap
#FFF39D,picasso
#6E4826,pickled bean
#314459,pickled bluewood
#45B1E8,picton blue
#FDD7E4,pig pink
#AFBDD9,pigeon post
#4B0082,pigment indigo
#6D5E54,pine cone
#C7CD90,pine glade
#01796F,pine green
#171F04,pine tree
#FFC0CB,pink
#FF66FF,pink flamingo
#E1C0C8,pink flare
#FFDDF4,pink lace
#FFF1D8,pink lady
#FF91A4,pink salmon
#BEB5B7,pink swan
#C96323,piper
#FEF4CC,pipi
#FFE1DF,pippin
#BA7F03,pirate gold
#9DC209,pistachio
#C0D8B6,pixie green
#FF9000,pizazz
#C99415,pizza
#27504B,plantation
#843179,plum
#8F021C,pohutukawa
#E5F9F6,polar
#8DA8CC,polo blue
#F34723,pomegranate
#660045,pompadour
#EFF2F3,porcelain
#EAAE69,porsche
#251F4F,port gore
#FFFFB4,portafino
#8B9FEE,portage
#F9E663,portica
#F5E7E2,pot pourri
#8C5738,potters clay
#BCC9C2,powder ash
#B0E0E6,powder blue
#9A3820,prairie sand
#D0C0E5,prelude
#F0E2EC,prim
#EDEA99,primrose
#FEF5F1,provincial pink
#003153,prussian blue
#CC8899,puce
#7D2C14,pueblo
#3FC1AA,puerto rico
#C2CAC4,pumice
#FF7518,pumpkin
#B1610B,pumpkin skin
#DC4333,punch
#4D3D14,punga
#660099,purple
#652DC1,purple heart
#9678B6,purple mountain's majesty
#FF00CC,purple pizzazz
#E7CD8C,putty
#FFFDF4,quarter pearl lusta
#F7F2E1,quarter spanish white
#BD978E,quicksand
#D6D6D1,quill gray
#623F2D,quincy
#0C1911,racing green
#FF355E,radical red
#EADAB8,raffia
#B9C8AC,rainee
#F7B668,rajah
#2E3222,rangitoto
#1C1E13,rangoon green
#727B89,raven
#D27D46,raw sienna
#734A12,raw umber
#FF33CC,razzle dazzle rose
#E30B5C,razzmatazz
#3C1206,rebel
#FF0000,red
#7B3801,red beech
#8E0000,red berry
#DA6A41,red damask
#860111,red devil
#FF3F34,red orange
#6E0902,red oxide
#ED0A3F,red ribbon
#80341F,red robin
#D05F04,red stage
#C71585,red violet
#5D1E0F,redwood
#C9FFA2,reef
#9F821C,reef gold
#013F6A,regal blue
#86949F,regent gray
#AAD6E6,regent st blue
#FEEBF3,remy
#A86515,reno sand
#002387,resolution blue
#2C1632,revolver
#2E3F62,rhino
#FFFEF0,rice cake
#EEFFE2,rice flower
#A85307,rich gold
#BBD009,rio grande
#F4D81C,ripe lemon
#410056,ripe plum
#8BE6D8,riptide
#434C59,river bed
#EAC674,rob roy
#00CCCC,robin's egg blue
#4D3833,rock
#9EB1CD,rock blue
#BA450C,rock spray
#C9B29B,rodeo dust
#747D83,rolling stone
#DE6360,roman
#795D4C,roman coffee
#FFFEFD,romance
#FFD2B7,romantic
#ECC54E,ronchi
#A62F20,roof terracotta
#8E4D1E,rope
#FF007F,rose
#FBB2A3,rose bud
#800B47,rose bud cherry
#E7BCB4,rose fog
#BF5500,rose of sharon
#FFF6F5,rose white
#65000B,rosewood
#C6A84B,roti
#A23B6C,rouge
#4169E1,royal blue
#AB3472,royal heath
#6B3FA0,royal purple
#796989,rum
#F9F8E4,rum swizzle
#80461B,russet
#755A57,russett
#B7410E,rust
#480404,rustic red
#86560A,rusty nail
#4C3024,saddle
#583401,saddle brown
#F4C430,saffron
#F9BF58,saffron mango
#9EA587,sage
#B7A214,sahara
#F1E788,sahara sand
#B8E0F9,sail
#097F4B,salem
#FF8C69,salmon
#FEDB8D,salomie
#685E6E,salt box
#F1F7F2,saltpan
#3A2010,sambuca
#0B6207,san felix
#304B6A,san juan
#456CAC,san marino
#826F65,sand dune
#AA8D6F,sandal
#AB917A,sandrift
#796D62,sandstone
#F5E7A2,sandwisp
#FFEAC8,sandy beach
#F4A460,sandy brown
#92000A,sangria
#8D3D38,sanguine brown
#B16D52,santa fe
#9FA0B1,santas gray
#DED4A4,sapling
#2F519E,sapphire
#555B10,saratoga
#E6E4D4,satin linen
#FFF5F3,sauvignon
#FFF4E0,sazerac
#675FA6,scampi
#CFFAF4,scandal
#FF2400,scarlet
#431560,scarlet gum
#950015,scarlett
#585562,scarpa flow
#A9B497,schist
#FFD800,school bus yellow
#8B847E,schooner
#0066CC,science blue
#2EBFD4,scooter
#695F62,scorpion
#FFFBDC,scotch mist
#66FF66,screamin' green
#FBA129,sea buckthorn
#2E8B57,sea green
#C5DBCA,sea mist
#78A39C,sea nymph
#ED989E,sea pink
#80CCEA,seagull
#731E8F,seance
#F1F1F1,seashell
#FFF5EE,seashell peach
#1B2F11,seaweed
#F0EEFD,selago
#FFBA00,selective yellow
#704214,sepia
#2B0202,sepia black
#9E5B40,sepia skin
#FFF4E8,serenade
#837050,shadow
#9AC2B8,shadow green
#AAA5A9,shady lady
#4EABD1,shakespeare
#FBFFBA,shalimar
#33CC99,shamrock
#25272C,shark
#004950,sherpa blue
#02402C,sherwood green
#E8B9B3,shilo
#6B4E31,shingle fawn
#788BBA,ship cove
#3E3A44,ship gray
#B20931,shiraz
#E292C0,shocking
#FC0FC0,shocking pink
#5F6672,shuttle gray
#646A54,siam
#F3E7BB,sidecar
#BDB1A8,silk
#C0C0C0,silver
#ACACAC,silver chalice
#C9C0BB,silver rust
#BFC1C2,silver sand
#66B58F,silver tree
#9FD7D3,sinbad
#7A013A,siren
#718080,sirocco
#D3CBBA,sisal
#CAE6DA,skeptic
#76D7EA,sky blue
#708090,slate gray
#003399,smalt
#51808F,smalt blue
#605B73,smoky
#F7FAF7,snow drift
#E4FFD1,snow flurry
#D6FFDB,snowy mint
#E2D8ED,snuff
#FFFBF9,soapstone
#D1C6B4,soft amber
#F5EDEF,soft peach
#893843,solid pink
#FEF8E2,solitaire
#EAF6FF,solitude
#FD7C07,sorbus
#CEB98F,sorrell brown
#6A6051,soya bean
#819885,spanish green
#2F5A57,spectra
#6A442E,spice
#885342,spicy mix
#74640D,spicy mustard
#816E71,spicy pink
#B6D1EA,spindle
#79DEEC,spray
#00FF7F,spring green
#578363,spring leaves
#ACCBB1,spring rain
#F6FFDC,spring sun
#F8F6F1,spring wood
#C1D7B0,sprout
#AAABB7,spun pearl
#8F8176,squirrel
#2D569B,st tropaz
#8A8F8A,stack
#9F9F9C,star dust
#E5D7BD,stark white
#ECF245,starship
#4682B4,steel blue
#262335,steel gray
#9C3336,stiletto
#928573,stonewall
#646463,storm dust
#717486,storm gray
#000741,stratos
#D4BF8D,straw
#956387,strikemaster
#325D52,stromboli
#714AB2,studio
#BAC7C9,submarine
#F9FFF6,sugar cane
#C1F07C,sulu
#96BBAB,summer green
#FBAC13,sun
#C9B35B,sundance
#FFB1B3,sundown
#E4D422,sunflower
#E16865,sunglo
#FFCC33,sunglow
#FE4C40,sunset orange
#FF9E2C,sunshade
#FFC901,supernova
#BBD7C1,surf
#CFE5D2,surf crest
#0C7A79,surfie green
#87AB39,sushi
#888387,suva gray
#001B1C,swamp
#ACB78E,swamp green
#DCF0EA,swans down
#FBEA8C,sweet corn
#FD9FA2,sweet pink
#D3CDC5,swirl
#DDD6D5,swiss coffee
#908D39,sycamore
#A02712,tabasco
#EDB381,tacao
#D6C562,tacha
#E97C07,tahiti gold
#EEF0C8,tahuna sands
#B32D29,tall poppy
#A8A589,tallow
#991613,tamarillo
#341515,tamarind
#D2B48C,tan
#FA9D5A,tan hide
#D9DCC1,tana
#03163C,tangaroa
#F28500,tangerine
#ED7A1C,tango
#7B7874,tapa
#B05E81,tapestry
#E1F6E8,tara
#073A50,tarawera
#CFDCCF,tasman
#483C32,taupe
#B3AF95,taupe gray
#692545,tawny port
#1E433C,te papa green
#C1BAB0,tea
#D0F0C0,tea green
#B19461,teak
#008080,teal
#044259,teal blue
#3B000B,temptress
#CD5700,tenn
#FFE6C7,tequila
#E2725B,terracotta
#F8F99C,texas
#FFB555,texas rose
#B69D98,thatch
#403D19,thatch green
#D8BFD8,thistle
#CCCAA8,thistle green
#33292F,thunder
#C02B18,thunderbird
#C1440E,tia maria
#C3D1D1,tiara
#063537,tiber
#FC80A5,tickle me pink
#F1FFAD,tidal
#BFB8B0,tide
#16322C,timber green
#D9D6CF,timberwolf
#F0EEFF,titan white
#9A6E61,toast
#715D47,tobacco brown
#3A0020,toledo
#1B0245,tolopea
#3F583B,tom thumb
#E79F8C,tonys pink
#7C778A,topaz
#FD0E35,torch red
#0F2D9E,torea bay
#1450AA,tory blue
#8D3F3F,tosca
#991B07,totem pole
#A9BDBF,tower gray
#5FB3AC,tradewind
#E6FFFF,tranquil
#FFFDE8,travertine
#FC9C1D,tree poppy
#3B2820,treehouse
#7C881A,trendy green
#8C6495,trendy pink
#E64E03,trinidad
#C3DDF9,tropical blue
#00755E,tropical rain forest
#4A4E5A,trout
#8A73D6,true v
#363534,tuatara
#FFDDCD,tuft bush
#EAB33B,tulip tree
#DEA681,tumbleweed
#353542,tuna
#4A4244,tundora
#FAE600,turbo
#B57281,turkish rose
#CABB48,turmeric
#30D5C8,turquoise
#6CDAE7,turquoise blue
#2A380B,turtle green
#BD5E2E,tuscany
#EEF3C3,tusk
#C5994B,tussock
#FFF1F9,tutu
#E4CFDE,twilight
#EEFDFF,twilight blue
#C2955D,twine
#66023C,tyrian purple
#120A8F,ultramarine
#D84437,valencia
#350E42,valentino
#2B194F,valhalla
#49170C,van cleef
#D1BEA8,vanilla
#F3D9DF,vanilla ice
#FFF6DF,varden
#72010F,venetian red
#055989,venice blue
#928590,venus
#5D5E37,verdigris
#495400,verdun green
#FF4D00,vermilion
#B14A0B,vesuvius
#534491,victoria
#549019,vida loca
#64CCDB,viking
#983D61,vin rouge
#CB8FA9,viola
#290C5E,violent violet
#240A40,violet
#991199,violet eggplant
#F7468A,violet red
#40826D,viridian
#678975,viridian green
#FFEFA1,vis vis
#8FD6B4,vista blue
#FCF8F7,vista white
#FF9980,vivid tangerine
#803790,vivid violet
#533455,voodoo
#10121D,vulcan
#DECBC6,wafer
#5A6E9C,waikawa gray
#363C0D,waiouru
#773F1A,walnut
#788A25,wasabi
#A1E9DE,water leaf
#056F57,watercourse
#7B7C94,waterloo 
#DCD747,wattle
#FFDDCF,watusi
#FFC0A8,wax flower
#F7DBE6,we peep
#FFA500,web orange
#4E7F9E,wedgewood
#B43332,well read
#625119,west coast
#FF910F,west side
#DCD9D2,westar
#F19BAB,wewak
#F5DEB3,wheat
#F3EDCF,wheatfield
#D59A6F,whiskey
#F7F5FA,whisper
#FFFFFF,white
#DDF9F1,white ice
#F8F7FC,white lilac
#F8F0E8,white linen
#FEF8FF,white pointer
#EAE8D4,white rock
#7A89B8,wild blue yonder
#ECE090,wild rice
#F4F4F4,wild sand
#FF3399,wild strawberry
#FD5B78,wild watermelon
#B9C46A,wild willow
#3A686C,william
#DFECDA,willow brook
#65745D,willow grove
#3C0878,windsor
#591D35,wine berry
#D5D195,winter hazel
#FEF4F8,wisp pink
#9771B5,wisteria
#A4A6D3,wistful
#FFFC99,witch haze
#261105,wood bark
#4D5328,woodland
#302A0F,woodrush
#0C0D0F,woodsmoke
#483131,woody brown
#738678,xanadu
#FFFF00,yellow
#C5E17A,yellow green
#716338,yellow metal
#FFAE42,yellow orange
#FEA904,yellow sea
#FFC3C0,your pink
#7B6608,yukon gold
#CEC291,yuma
#685558,zambezi
#DAECD6,zanah
#E5841B,zest
#292319,zeus
#BFDBE2,ziggurat
#EBC2AF,zinnwaldite
#F4F8FF,zircon
#E4D69B,zombie
#A59B91,zorba
#044022,zuccini
#EDF6FF,zumthor
